{
    "namespace": "trade2_pocket",
    "toggle_content": {
        "type": "stack_panel",
        "size": ["100%", "100%cm"],
        "orientation": "horizontal",
        "controls": [
            {"padding_1": {"type": "panel", "size": ["fill", 0]}},
            {"trade_item_1@trade2.trade_item_1": {"layer": 2}},
            {"padding_2": {"type": "panel", "size": [2, 0]}},
            {
                "padding_2_extra": {
                    "type": "panel",
                    "size": [10, 0],
                    "bindings": [{"binding_type": "collection_details"}, {"binding_name": "(not #padding_around_sell_item)", "binding_name_override": "#visible"}]
                }
            },
            {"trade_item_2@trade2.trade_item_2": {"layer": 2}},
            {"padding_3": {"type": "panel", "size": [2, 0]}},
            {
                "padding_3_extra": {
                    "type": "panel",
                    "size": [6, 0],
                    "bindings": [{"binding_type": "collection_details"}, {"binding_name": "(not #padding_around_sell_item)", "binding_name_override": "#visible"}]
                }
            },
            {"arrow_holder@trade2.arrow_holder": {"inherit_max_sibling_height": true}},
            {"padding_4": {"type": "panel", "size": [2, 0]}},
            {
                "sell_item_holder": {
                    "type": "panel",
                    "size": ["200%c", "100%c"],
                    "layer": 2,
                    "controls": [{"sell_item@trade2.sell_item": {}}],
                    "bindings": [{"binding_type": "collection_details"}, {"binding_name": "#padding_around_sell_item", "binding_name_override": "#visible"}]
                }
            },
            {
                "sell_item_holder_with_less_padding": {
                    "type": "panel",
                    "size": ["150%c", "100%c"],
                    "layer": 2,
                    "controls": [{"sell_item@trade2.sell_item": {}}],
                    "bindings": [{"binding_type": "collection_details"}, {"binding_name": "(not #padding_around_sell_item)", "binding_name_override": "#visible"}]
                }
            },
            {"padding_5": {"type": "panel", "size": ["fill", 0]}}
        ]
    }
}