{
	"format_version" : "1.12.0",
	"minecraft:geometry" : [
		{
			"description" : {
				"identifier" : "geometry.marker.armor_stand",
				"texture_width" : 64.0,
				"texture_height" : 64.0,
				"visible_bounds_offset" : [ 0.0, 0.5, 0.0 ],
				"visible_bounds_width" : 4096,
				"visible_bounds_height" : 4096
			},
			"bones" : [
				{
					"name" : "baseplate",
					"cubes" : [
						{
							"origin" : [ -6.0, 0.0, -6.0 ],
							"size" : [ 12.0, 1.0, 12.0 ],
							"uv" : [ 0.0, 32.0 ]
						}
					]
				},
				{
					"name" : "waist",
					"parent" : "baseplate",
					"pivot" : [ 0.0, 12.0, 0.0 ]
				},
				{
					"name" : "body",
					"parent" : "waist",
					"pivot" : [ 0.0, 24.0, 0.0 ],
					"cubes" : [
						{
							"origin" : [ -6.0, 21.0, -1.5 ],
							"size" : [ 12.0, 3.0, 3.0 ],
							"uv" : [ 0.0, 26.0 ]
						},
						{
							"origin" : [ -3.0, 14.0, -1.0 ],
							"size" : [ 2.0, 7.0, 2.0 ],
							"uv" : [ 16.0, 0.0 ]
						},
						{
							"origin" : [ 1.0, 14.0, -1.0 ],
							"size" : [ 2.0, 7.0, 2.0 ],
							"uv" : [ 48.0, 16.0 ]
						},
						{
							"origin" : [ -4.0, 12.0, -1.0 ],
							"size" : [ 8.0, 2.0, 2.0 ],
							"uv" : [ 0.0, 48.0 ]
						}
					]
				},
				{
					"name" : "head",
					"parent" : "body",
					"pivot" : [ 0.0, 24.0, 0.0 ],
					"cubes" : [
						{
							"origin" : [ -1.0, 24.0, -1.0 ],
							"size" : [ 2.0, 7.0, 2.0 ],
							"uv" : [ 0.0, 0.0 ]
						}
					]
				},
				{
					"name" : "hat",
					"parent" : "head",
					"pivot" : [ 0.0, 24.0, 0.0 ],
					"cubes" : [
						{
							"origin" : [ -4.0, 24.0, -4.0 ],
							"size" : [ 8.0, 8.0, 8.0 ],
							"uv" : [ 32.0, 0.0 ]
						}
					]
				},
				{
					"name" : "leftarm",
					"parent" : "body",
					"mirror" : true,
					"pivot" : [ 5.0, 22.0, 0.0 ],
					"cubes" : [
						{
							"origin" : [ 5.0, 12.0, -1.0 ],
							"size" : [ 2.0, 12.0, 2.0 ],
							"uv" : [ 32.0, 16.0 ]
						}
					]
				},
				{
					"name" : "leftitem",
					"parent" : "leftarm",
					"pivot" : [ 6.0, 15.0, 1.0 ]
				},
				{
					"name" : "leftleg",
					"parent" : "body",
					"mirror" : true,
					"pivot" : [ 1.9, 12.0, 0.0 ],
					"cubes" : [
						{
							"origin" : [ 0.9, 1.0, -1.0 ],
							"size" : [ 2.0, 11.0, 2.0 ],
							"uv" : [ 40.0, 16.0 ]
						}
					]
				},
				{
					"name" : "rightarm",
					"parent" : "body",
					"pivot" : [ -5.0, 22.0, 0.0 ],
					"cubes" : [
						{
							"origin" : [ -7.0, 12.0, -1.0 ],
							"size" : [ 2.0, 12.0, 2.0 ],
							"uv" : [ 24.0, 0.0 ]
						}
					]
				},
				{
					"name" : "rightitem",
					"parent" : "rightarm",
					"pivot" : [ -6.0, 15.0, 1.0 ]
				},
				{
					"name" : "rightleg",
					"parent" : "body",
					"pivot" : [ -1.9, 12.0, 0.0 ],
					"cubes" : [
						{
							"origin" : [ -2.9, 1.0, -1.0 ],
							"size" : [ 2.0, 11.0, 2.0 ],
							"uv" : [ 8.0, 0.0 ]
						}
					]
				}
			]
		}
	]
}
