{"padding":8,"texture_data":{"observer_west":{"textures":["textures/blocks/observer_side","textures/blocks/observer_side_lit"]},"observer_bottom":{"textures":["textures/blocks/observer_top","textures/blocks/observer_top_lit"]},"observer_east":{"textures":["textures/blocks/observer_side","textures/blocks/observer_side_lit"]},"hopper_top":{"textures":["textures/blocks/hopper_top","textures/blocks/hopper_top_1","textures/blocks/hopper_top_2","textures/blocks/hopper_top_3","textures/blocks/hopper_top_4","textures/blocks/hopper_top_5","textures/blocks/hopper_top_6","textures/blocks/hopper_top_7","textures/blocks/hopper_top_8","textures/blocks/hopper_top_9","textures/blocks/hopper_top_10","textures/blocks/hopper_top_11","textures/blocks/hopper_top_12","textures/blocks/hopper_top_13"]},"observer_south":{"textures":["textures/blocks/observer_back","textures/blocks/observer_back_lit"]},"observer_north":{"textures":["textures/blocks/observer_front","textures/blocks/observer_front_lit"]},"observer_top":{"textures":["textures/blocks/observer_top","textures/blocks/observer_top_lit"]}},"resource_pack_name":"vanilla","texture_name":"atlas.terrain","num_mip_levels":4}